1,"zzOLD__FireShield_Cast_Base","Particles\FireShield_Cast_Base.mdl",4,1.000000,
2,"FireBolt Impact Chest","Spells\FireBolt_ImpactDD_Med_Chest.mdx",4,1.000000,
3,"zzOLD__Heal","Spells\Heal\Heal.mdl",4,1.000000,
4,"zzOLD__HealCast","Spells\HealCast\HealCast.mdl",4,1.000000,
6,"Teleport In","Spells\TeleportIn\TeleportIn.mdx",4,1.000000,
10,"zzOLD__Teleport Cast","Spells\TeleportCast\TeleportCast.mdl",4,1.000000,
11,"Footstep Spray Snow Run","Particles\FootstepSpraySnow.mdl",4,1.000000,
12,"Footstep Spray Snow Walk","Particles\FootstepSpraySnowWalk.mdl",4,1.000000,
14,"HARDCODED Loot Art","Particles\LootFX.mdl",0,1.000000,
17,"Shadow Precast Low Hand","Spells\Shadow_Precast_Low_Hand.mdx",4,1.000000,
18,"zzOLD__Death Touch Cast","Spells\DeathTouchCast\DeathTouchCast.mdl",4,1.000000,
20,"zzOLD__Heal Hands","Spells\HealHands\HealHands.mdl",4,1.000000,
21,"HARDCODED Unit Level Up","Spells\LevelUp\LevelUp.mdl",0,1.000000,
23,"zzOLD__FreezingFinger2_Impact_Head","Particles\FreezingFinger2_Impact_Head.MDL",0,1.000000,
24,"zzOLD__FreezingFinger_Impact_Chest","Particles\FreezingFinger_Impact_Chest.MDL",0,1.000000,
25,"zzOLD__FreezingFinger_Impact_Base","Particles\FreezingFinger_Impact_Base.MDL",0,1.000000,
26,"zzOLD__FrostCastConeofCold","Particles\FrostCastConeofCold.MDL",0,1.000000,
27,"zzOLD__Portal","Spells\Summon03\Summon03.mdl",0,1.000000,
28,"zzOLD__Numb_Impact_Base","Particles\Numb_Impact_Base.MDL",0,1.000000,
29,"zzOLD__FreezingCloud_Impact_Base","Particles\FreezingCloud_Impact_Base.MDL",0,1.000000,
30,"zzOLD__Numb_Precast_Hand","Particles\Numb_Precast_Hand.MDL",0,1.000000,
32,"zzOLD__FrostBolt Missle","Particles\FrostBolt_Missle.mdl",0,1.000000,
33,"zzOLD__FrostBlast_Precast_Hand","Particles\FrostBlast_Precast_Hand.MDL",0,1.000000,
34,"zzOLD__FrostBolt Impact","Particles\FrostBolt_Impact_Chest.mdl",0,1.000000,
36,"zzOLD__Freeze_Impact_Base","Particles\Freeze_Impact_Base.MDL",0,1.000000,
37,"zzOLD__Freeze_Impact_Chest","Particles\Freeze_Impact_Chest.MDL",0,1.000000,
38,"zzOLD__FrostArmor_Impact_Head","Particles\FrostArmor_Impact_Head.MDL",0,1.000000,
39,"zzOLD__FrostNova_Impact_Chest","Particles\FrostNova_Impact_Chest.MDL",0,1.000000,
40,"zzOLD__FreezeNova_Impact_Chest","Particles\FreezeNova_Impact_Chest.MDL",0,1.000000,
41,"zzOLD__FreezingFinger4_Impact_Head","Particles\FreezingFinger4_Impact_Head.mdl",0,1.000000,
42,"zzOLD__StarStun_State_Head","Particles\StarStun.MDL",0,1.000000,
43,"zzOLD__CorrodeArmor_Impact_Head","Particles\CorrodeArmor_Impact_Head.MDL",0,1.000000,
44,"zzOLD__Slow Hands","Particles\Slow_Hands.mdl",0,1.000000,
45,"Fire Precast Low Hand","Spells\Fire_Precast_Low_Hand.mdx",0,1.000000,
46,"zzOLD__BurningBlast_Precast_Base","Particles\BurningBlast_Precast_Base.MDL",0,1.000000,
47,"zzOLD__WallofFire_area","Particles\WallofFire_area.mdl",0,1.000000,
48,"zzOLD__BoltofIce_Impact_Chest","Particles\BoltofIce_Impact_Chest.mdl",0,1.000000,
49,"zzOLD__FrostBlast_Precast_Base","Particles\FrostBlast_Precast_Base.mdl",0,1.000000,
50,"StunSwirl State Head","Spells\StunSwirl_State_Head.mdx",0,1.000000,
51,"zzOLD__WalkofFire","Particles\WalkofFire_area.mdl",0,2.000000,
53,"zzOLD__Frost_Precast_Base","Particles\Frost_Precast_Base.mdl",0,1.000000,
54,"Ice Precast Uber Head","Spells\Ice_Precast_Uber_Head.mdx",0,1.000000,
55,"Combat Blood Spurt Back Large Red","Particles\BloodSpurts\BloodSpurtLarge.mdx",10,1.000000,
56,"zzOLD__BoltofFire_missle","Particles\BoltofFire_missle.mdl",0,1.000000,
57,"zzOLD__FireShield_Impact_Base","Particles\FireShield_Impact_Base.mdl",0,1.000000,
58,"zzOLD__Frost_Cast_Chest","Particles\Frost_Cast_Chest.mdl",0,1.000000,
59,"zzOLD__Frost_Precast_Chest","Particles\Frost_Precast_Chest.mdl",0,1.000000,
60,"zzOLD__Frost_Cast_Base","Particles\Frost_Cast_Base.mdl",0,1.000000,
61,"zzOLD__Frost_Precast3_Base","Particles\Frost_Precast3_Base.mdl",0,1.000000,
62,"zzOLD__Frost_Cast2_Base","Particles\Frost_Cast2_Base.mdl",0,1.000000,
63,"zzOLD__Frost_Precast_Low_Hand","Particles\Frost_Precast_Low_Hand.mdl",0,1.000000,
64,"zzOLD__Frost_Cast_Hand","Particles\Frost_Cast_Hand.mdl",0,1.000000,
65,"zzOLD__BurningBlast_Cast_Base","Particles\BurningBlast_Cast_Base.mdl",0,1.000000,
66,"zzOLD__FreezingFinger1_Impact_Head","Particles\FreezingFinger1_Impact_Head.mdl",0,1.000000,
67,"zzOLD__FrostBlast_Cast_Base","Particles\FrostBlast_Cast_Base.mdl",0,1.000000,
68,"zzOLD__FreezingFinger3_Impact_Head","Particles\FreezingFinger3_Impact_Head.mdl",0,1.000000,
69,"zzOLD__CircleofFlame_area","Particles\CircleofFlame_area.mdl",0,1.000000,
70,"Rejuvenation Impact Base","Spells\Rejuvenation_Impact_Base.mdx",0,1.000000,
71,"zzOLD__Rejuvenation Impact Chest","Particles\NaturesTouch1_Impact_Chest.mdl",0,1.000000,
72,"zzOLD__Nature_Precast_Base","Particles\Nature_Precast_Base.mdl",0,1.000000,
73,"Nature Cast Hand","Spells\Nature_Cast_Hand.mdx",4,1.000000,
74,"CallLightning Impact","Spells\CallLightning_Impact.mdx",4,1.000000,
75,"zzOLD__FireShield_State_Base","Particles\FireShield_State_Base.mdl",0,0.000000,
77,"zzOLD__CallStorm_PreCast_Base","Particles\CallStorm_PreCast_Base.mdl",0,1.000000,
78,"zzOLD__LightningShield_Impact_Chest","Particles\LightningShield_Impact_Chest.mdl",0,1.000000,
79,"EntanglingRoots_Impact_Base","Particles\EntanglingRoots_Impact_Base.mdl",4,1.000000,
80,"EntanglingRoots State","Spells\EntanglingRoots_State.mdx",4,1.000000,
81,"zzOLD__FrostCloud_Cast_Base","Particles\FrostCloud_Cast_Base.mdl",0,1.000000,
82,"zzOLD__Nature_Cast_Base","Particles\Nature_Cast_Base.mdl",0,1.000000,
83,"Ice ImpactDD Low Chest","Spells\Ice_ImpactDD_Low_Chest.mdx",4,1.000000,
84,"zzOLD__IcePrison_State_Base","Particles\IcePrison_State.mdl",4,1.000000,
85,"zzOLD__Resurrection_Impact_Base","Particles\Resurrection_Impact_Base.mdl",4,1.000000,
86,"Defensive Stance Impact Chest","Spells\DefensiveStance_Impact_Chest.mdx",0,1.000000,
87,"zzOLD__LightningShield_Cast_Base","Particles\LightningShield_Cast_Base.mdl",4,1.000000,
88,"Lightning PreCast Low Hand","Spells\Lightning_PreCast_Low_Hand.mdx",0,1.000000,
89,"Immolate Impact Chest","Spells\Immolate_Impact_Chest.mdx",4,1.000000,
90,"SliceDice Impact Chest","Spells\SliceDice_Impact_Chest.mdx",4,1.000000,
91,"zzOLD__BloodLust_Impact_Base","Particles\BloodLust_Impact_Base.mdl",4,1.000000,
92,"zzOLD__Dismember_Impact_Chest","Particles\Dismember_Impact_Chest.mdl",0,1.000000,
93,"ShieldBash Impact Chest","Spells\ShieldBash_Impact_Chest.mdx",0,1.000000,
94,"BloodLust State Hand","Spells\BloodLust_State_Hand.mdx",0,1.000000,
95,"zzOLD__BloodLust_Precast_Base","Particles\BloodLust_Precast_Base.mdl",0,1.000000,
96,"zzOLD__Lightning_PreCast_Base","Particles\Lightning_PreCast_Base.mdl",0,1.000000,
97,"Cripple State Chest","Spells\Cripple_State_Chest.mdx",0,1.000000,
98,"zzOLD__Impale_Impact_Chest","Particles\Impale_Impact_Chest.mdl",0,1.000000,
99,"Food HealEffect Base","Spells\Food_HealEffect_Base.mdx",0,1.000000,
100,"Teleport","Spells\Teleport.mdx",4,1.000000,
101,"HeadSplitter Impact Chest","Spells\HeadSplitter_Impact_Chest.mdx",0,1.000000,
102,"Bloodlust Cast Hand","Spells\BloodLust_Cast_Hand.mdx",4,1.000000,
103,"SummonPet PreCast Impact Base","Spells\SummonPet_Impact_Base.mdx",0,1.000000,
104,"zzOLD__DismemberBlood_Impact_Chest","Particles\DismemberBlood_Impact_Chest.mdl",0,1.000000,
105,"Footstep Spray Dirt Run","Particles\FootstepSprayDirt.mdl",4,1.000000,
106,"Footstep Spray Dirt Walk","Particles\FootstepSprayDirtWalk.mdl",4,1.000000,
107,"HARDCODED Breath Cold","Particles\ColdBreath.mdl",5,1.000000,
108,"HARDCODED Breath Underwater","Particles\Bubbles.mdl",5,1.000000,
109,"Combat Blood Spurt Front Small Red","Particles\BloodSpurts\BloodSpurt.mdl",11,1.000000,
110,"Holy ImpactDD Uber Chest","Spells\Holy_ImpactDD_Uber_Chest.mdx",6,1.000000,
117,"Ice Precast Low Hand","Spells\Ice_Precast_Low_Hand.mdx",6,1.000000,
118,"zzOLD__Hit Splat Physical Big","Particles\BloodSpurts\HitSprite.mdx",0,1.000000,
119,"Holy Precast Uber Hand","Spells\Holy_Precast_Uber_Hand.mdx",0,1.000000,
120,"zzOLD__Hit Splat Holy Small","Particles\BloodSpurts\HitSprite.mdx",0,1.000000,
121,"Ice Precast Med Hand","Spells\Ice_Precast_Med_Hand.mdx",6,1.000000,
122,"Ice Precast High Base","Spells\Ice_Precast_High_Base.mdx",6,1.000000,
123,"Holy Precast High Base","Spells\Holy_Precast_High_Base.mdx",6,1.000000,
124,"Holy ImpactDD Med Chest","Spells\Holy_ImpactDD_Med_Chest.mdx",6,1.000000,
125,"Holy ImpactDD High Chest","Spells\Holy_ImpactDD_High_Chest.mdx",6,1.000000,
126,"Ice Precast High Hand","Spells\Ice_Precast_High_Hand.mdx",6,1.000000,
127,"Ice Precast Uber Hand","Spells\Ice_Precast_Uber_Hand.mdx",6,1.000000,
128,"Ice Precast Uber Base","Spells\Ice_Precast_Uber_Base.mdx",6,1.000000,
129,"Holy ImpactDD Low Chest","Spells\Holy_ImpactDD_Low_Chest.mdx",6,1.000000,
130,"Holy Precast Med Hand","Spells\Holy_Precast_Med_Hand.mdx",6,1.000000,
131,"Holy Precast High Hand","Spells\Holy_Precast_High_Hand.mdx",6,1.000000,
134,"zzOLD__Heal Precast Base","Particles\Heal_Precast_Base.mdl",0,1.000000,
135,"Holy Precast Low Hand","Spells\Holy_Precast_Low_Hand.mdx",0,1.000000,
136,"zzOLD__Heal Cast Base","Particles\Heal_cast_Base.mdl",0,1.000000,
140,"zzOLD__Heal_Impact_Base","Particles\Heal_Impact_Base.mdl",0,1.000000,
141,"zzOLD__Heal Precast Chest","Particles\Heal_Precast_Chest.mdl",0,1.000000,
142,"zzOLD__HolySmite Impact","Particles\HolySmite_Impact_Chest.mdl",0,1.000000,
143,"zzOLD__HolySmite Precast Base","Particles\HolySmite_Precast_Base.mdl",4,1.000000,
144,"zzOLD__Restoration_Precast_Chest","Particles\Restoration_PreCast_Chest.mdl",0,1.000000,
145,"zzOLD__Restoration_Precast_Base","Particles\Restoration_Precast_Base.mdl",0,1.000000,
146,"Nature Precast Hand","Spells\Nature_PreCast_Low_Hand.mdx",0,1.000000,
147,"Restoration Impact Base","Spells\Restoration_Impact_Base.mdx",0,0.000000,
148,"Holy ImpactDD Uber Base","Spells\Holy_ImpactDD_Uber_Base.mdx",0,1.000000,
149,"Shadow ImpactDD Low Chest","Spells\Shadow_ImpactDD_Low_Chest.mdx",0,1.000000,
150,"Shadow ImpactDD Med Base","Spells\Shadow_ImpactDD_Med_Base.mdx",0,1.000000,
151,"DeathCoil Missile","Spells\DeathCoil_Missile.mdx",0,1.000000,
152,"zzOLD__Bloodlust_PreCast_Hand","Particles\Bloodlust_PreCast_Hand.mdl",0,1.000000,
153,"PiercingStrike_Cast_Hand","Particles\PiercingStrike_Cast_Hand.mdl",0,1.000000,
154,"zzOLD__BurningBlast_Impact","Particles\BurningBlast_Impact_Chest.mdl",0,1.000000,
155,"zzOLD__HealSelf_Impact_Base","Particles\HealSelf_Impact_Base.mdl",0,1.000000,
156,"zzOLD__HealSelf_PreCast_Hand","Particles\HealSelf_PreCast_Hand.mdl",4,1.000000,
157,"LightningBolt Missile","Spells\LightningBolt_Missile.mdx",0,1.000000,
158,"Slow Impact Base","Spells\Slow_Impact_Base.mdx",0,1.000000,
159,"zzOLD__LogInEffect_Precast_Base","Particles\LoginFX.mdl",0,0.000000,
160,"zzOLD__Corruption Impact Head","Particles\CorrodeArmor_Impact_Head.mdl",0,1.000000,
161,"zzOLD__Power Word Shadow Impact","Particles\PWShadow_Impact.mdl",0,1.000000,
162,"Invisibility Impact","Spells\Invisibility_Impact_Base.mdl",0,1.000000,
163,"zzOLD__Invisibility PreCast Hands","Particles\Invisibility_PreCast_Hand.mdl",0,1.000000,
164,"Combat Blood Spurt Front Large Red","Particles\BloodSpurts\BloodSpurtLarge.mdl",11,1.000000,
167,"zzOLD__MoltenBlast_Impact","Particles\MoltenBlast_Impact.mdl",0,1.000000,
168,"Brilliance Aura Base","Spells\BrillianceAura.mdl",4,1.000000,
169,"SummonPet Cast Impact Base","Spells\SummonPet_Cast_Impact_Base.mdx",0,1.000000,
170,"Summon Precast Hand","Spells\Summon_PreCast_Hand.mdx",4,1.000000,
171,"Mining Pick","Spells\MiningPick_SpellObject.mdx",4,1.000000,
172,"zzOLD__FrostNova_AE","Particles\FrostNova_AE_Impact.mdl",4,50.000000,
173,"LightningShield Impact Base","Spells\LightningShield_Impact_Base.mdx",4,1.000000,
174,"zzOLD__Fizzle Physical","Particles\Physical_Fizzle_Hand.mdl",6,1.000000,
175,"zzOLD__Fizzle Holy","Particles\Holy_Fizzle_Hand.mdl",6,1.000000,
176,"zzOLD__Fizzle Fire","Particles\Fire_Fizzle_Hand.mdl",6,1.000000,
177,"zzOLD__Fizzle Nature","Particles\Nature_Fizzle_Hand.mdl",6,1.000000,
178,"zzOLD__Fizzle Frost","Particles\Frost_Fizzle_Hand.mdl",6,1.000000,
179,"zzOLD__Fizzle Shadow","Particles\Shadow_Fizzle_Hand.mdl",6,1.000000,
180,"zzOLD__DivineSmite_Precast_Base","Particles\DivineSmite_Precast_Base.mdl",0,1.000000,
181,"zzOLD__DivineSmite_Impact_Chest","Particles\DivineSmite_Impact_Chest.mdl",0,1.000000,
182,"zzOLD__DivineSmite Impact Base","Particles\DivineSmite_Impact_Base.mdl",4,1.000000,
183,"Combat Blood Spurt Front Small Green","Particles\BloodSpurts\BloodSpurtGreen.mdl",11,1.000000,
184,"Combat Blood Spurt Front Large Green","Particles\BloodSpurts\BloodSpurtGreenLarge.mdl",11,1.000000,
187,"FireShield Impact Head","Spells\FireShield_Impact_Head.mdx",4,1.000000,
188,"FireBolt Missile Low","Spells\FireBolt_Missile_Low.mdx",4,1.000000,
189,"zzOLD_Blessing Strength Impact Base","Spells\BlessingofStrength_Base.mdx",0,1.000000,
190,"BlessingofStrength Base","Spells\BlessingofStrength_Base.mdx",0,1.000000,
191,"BlessingofAgility Base","Spells\BlessingofAgility_Base.mdx",0,1.000000,
192,"zzOLD__Blessing of Agility 3 Impact Base","Spells\BlessingofAgility_Base.mdx",0,1.000000,
193,"BlessingofStamina Base","Spells\BlessingofStamina_Base.mdx",0,1.000000,
194,"zzOLD__Blessing Stamina Impact Base 3","Spells\BlessingofStamina_Base.mdx",0,1.000000,
195,"BlessingofProtection Base","Spells\BlessingofProtection_Base.mdx",0,1.000000,
196,"zzOLD_Blessing Protection Impact Base 3","Spells\BlessingofProtection_Base.mdx",0,1.000000,
197,"zzOLD__Holy Light Impact Base","Particles\HolyLight_Impact_Base.mdl",0,1.000000,
198,"zzOLD__InnerFire Impact Base","Particles\InnerFire_Impact_Base.mdl",0,1.000000,
200,"HARDCODED Footstep Water Run Spray","Particles\FootstepSprayWater.mdl",4,1.000000,
201,"HARDCODED Footstep Water Walk Spray","Particles\FootstepSprayWaterWalk.mdl",4,1.000000,
202,"zzOLD__Character Morph Effect","Particles\MorphFX.mdl",4,1.000000,
205,"zzOLD__Frost_Precast_High_Hand","Particles\Frost_Precast_High_Hand.mdl",0,1.000000,
206,"zzOLD__Frost_Precast_Med_Hand","Particles\Frost_Precast_Med_Hand.mdl",0,1.000000,
207,"zzOLD__Frost_Precast_Uber_Hand","Particles\Frost_Precast_Uber_Hand.mdl",4,1.000000,
208,"zzOLD__Frost_Precast_High_Base","Particles\Frost_Precast_High_Base.mdl",0,1.000000,
210,"zzOLD__Frost_Precast_Uber_Base","Particles\Frost_Precast_Uber_Base.mdl",4,1.000000,
211,"Holy Precast Uber Base","Spells\Holy_Precast_Uber_Base.mdx",4,1.000000,
212,"Fire ImpactDD High Chest","Spells\Fire_ImpactDD_High_Chest.mdx",0,0.000000,
213,"Fire ImpactDD High Base","Spells\Fire_ImpactDD_High_Base.mdx",0,1.000000,
214,"Ice ImpactDD Med Chest","Spells\Ice_ImpactDD_Med_Chest.mdx",4,1.000000,
215,"Swipe Caster","Spells\SwipeCaster.mdx",4,1.000000,
216,"Ice ImpactDD Uber Chest","Spells\Ice_ImpactDD_Uber_Chest.mdx",0,1.000000,
217,"Fire ImpactDD Low Chest","Spells\Fire_ImpactDD_Low_Chest.mdx",0,1.000000,
218,"Fire ImpactDD Med Chest","Spells\Fire_ImpactDD_Med_Chest.mdx",0,1.000000,
219,"Fire ImpactDD Uber Base","Spells\Fire_ImpactDD_Uber_Base.mdx",0,1.000000,
220,"Fire ImpactDD Uber Chest","Spells\Fire_ImpactDD_Uber_Chest.mdx",0,1.000000,
221,"Ice Precast High Head","Spells\Ice_Precast_High_Head.mdx",10,1.000000,
222,"Holy ImpactDD High Base","Spells\Holy_ImpactDD_High_Base.mdx",10,1.000000,
223,"DeathCoil Impact Chest","Spells\DeathCoil_Impact_Chest.mdx",0,1.000000,
224,"Holy Missile Low","Spells\Holy_Missile_Low.mdx",10,1.000000,
225,"Holy Missile Med","Spells\Holy_Missile_Med.mdx",10,1.000000,
226,"Holy Missile High","Spells\Holy_Missile_High.mdx",0,1.000000,
227,"Holy Missile Uber","Spells\Holy_Missile_Uber.mdx",10,1.000000,
228,"BloodyExplosion","Spells\BloodyExplosion.mdx",10,1.000000,
229,"Flamestrike ImpactDD Med Base","Spells\FlameStrike_ImpactDD_Med_Base.mdx",0,1.000000,
230,"Poison ImpactDot Med Chest","Spells\Poison_ImpactDot_Med_Chest.mdx",10,1.000000,
231,"Ice Missile Low","Spells\Ice_Missile_Low.mdx",10,1.000000,
232,"Ice Missile Med","Spells\Ice_Missile_Med.mdx",0,1.000000,
233,"Ice Missile High","Spells\Frostbolt.mdx",0,1.000000,
234,"Ice Missile Uber","Spells\Ice_Missile_Uber.mdx",0,1.000000,
235,"zzOLD__Ice ImpactDOT Low Base","Spells\Ice_ImpactDOT_Low.mdx",10,1.000000,
236,"Poison StateDot Med Base","Spells\Poison_ImpactDot_Med_Base.mdx",10,1.000000,
237,"FireStrike Missile Low","Spells\FireStrike_Missile_Low.mdx",0,0.000000,
238,"FrostArmor Low Head","Spells\FrostArmor_Low_Head.mdx",10,1.000000,
239,"Shadow ImpactBuff Base","Spells\Shadow_ImpactBuff_Base.mdx",10,1.000000,
240,"Dispel Low Base","Spells\Dispel_Low_Base.mdx",10,1.000000,
241,"DemonArmor Impact Head","Spells\DemonArmor_Impact_Head.mdx",10,1.000000,
242,"Item - Potion Healing","Spells\PotionA_SpellObject.mdx",0,1.000000,
243,"PotionB SpellObject","Spells\PotionB_SpellObject.mdx",0,1.000000,
244,"HolyLight Low Head","Spells\HolyLight_Low_Head.mdx",10,1.000000,
245,"LayonHands Low Chest","Spells\LayonHands_Low_Chest.mdx",10,1.000000,
246,"LayonHands Low Head","Spells\LayonHands_Low_Head.mdx",10,1.000000,
247,"HolyWordHeal Base","Spells\HolyWordHeal_Base.mdx",10,1.000000,
248,"Greater Heal Low Base","Spells\GreaterHeal_Low_Base.mdx",10,1.000000,
249,"Heal Low Base","Spells\Heal_Low_Base.mdx",10,1.000000,
251,"Corruption State Base","Spells\Corruption_ImpactDot_Med_Base.mdx",10,1.000000,
252,"Fire DOT State Chest","Spells\Fire_DOT_State_Chest.mdx",10,1.000000,
253,"Nullify base","Spells\Nullify_base.mdx",10,1.000000,
254,"ChainsofIce Low Base","Spells\ChainsofIce_Low_Base.mdx",4,1.000000,
255,"Sleep State Head","Spells\Sleep_State_Head.mdx",10,1.000000,
256,"Dynamite Lit","Spells\DynamiteA_SpellObject.mdx",10,1.000000,
257,"Bomb Explosion","Spells\Bomb_ExplosionA.mdx",4,1.000000,
258,"Dynamite Missile","Spells\DynamiteA_Missile.mdx",10,1.000000,
259,"Frost Bolt Missile","Spells\Frostbolt.mdx",0,1.000000,
260,"SealofMight Low Base","Spells\SealofMight_Low_Base.mdx",10,1.000000,
261,"BurningSpirit Impact Base","Spells\BurningSpirit_Impact_Base.mdx",0,1.000000,
262,"DivineShield Low Chest","Spells\DivineShield_Low_Chest.mdx",10,1.000000,
263,"DivineShield Low Base","Spells\DivineShield_Low_Base.mdx",10,1.000000,
264,"BurningIntellect Impact Base","Spells\BurningIntellect_Impact_Base.mdx",10,1.000000,
265,"ArcaneIntellect Impact Base","Spells\ArcaneIntellect_Impact_Base.mdx",0,1.000000,
266,"Taunt Head","Spells\Taunt_Head.mdx",0,1.000000,
267,"Conjure Item","Spells\ConjureItem.mdx",0,0.000000,
268,"Devotion Aura Base","Spells\DevotionAura_Base.mdx",0,1.000000,
269,"Conjure Item Cast","Spells\ConjureItemCast.mdx",4,1.000000,
270,"Soul Funnel Impact Chest","Spells\SoulFunnel_Impact_Chest.mdx",0,1.000000,
271,"Mana Funnel Impact Chest","Spells\ManaFunnel_Impact_Chest.mdx",0,1.000000,
272,"Magic PreCast Hand","Spells\Magic_PreCast_Hand.mdx",4,1.000000,
273,"Rake","Spells\Rake.mdx",0,1.000000,
274,"Anti-Shadow Impact Base","Spells\AntiShadow_Impact_Base.mdx",0,1.000000,
276,"Bestow Disease Impact Chest","Spells\BestowDisease_Impact_Chest.mdx",0,1.000000,
277,"Create Soulstone Cast","Spells\CreateSoulstone_Cast.mdx",0,1.000000,
278,"RetributionAura Base","Spells\RetributionAura_Base.mdx",0,1.000000,
279,"Resurrection Low Base","Spells\Resurrection_Low_Base.mdx",0,0.000000,
280,"Polymorph Impact","Spells\Polymorph_Impact.mdx",4,1.000000,
281,"LightningBolt Impact Chest","Spells\LightningBolt_Impact_Chest.mdx",0,1.000000,
282,"Frost Nova Area","Spells\Frost_Nova_area.mdx",4,1.000000,
284,"Frost Nova state","Spells\Frost_Nova_state.mdx",4,1.000000,
285,"Immolate State","Spells\Immolate_State.mdx",10,1.000000,
286,"Maul Impact","Spells\MaulImpact.mdx",0,1.000000,
287,"Fire Precast Hand","Spells\Fire_Precast_Hand.mdx",0,0.000000,
288,"Fire Cast Hand","Spells\Fire_Cast_Hand.mdx",0,0.000000,
289,"Harm Undead Aura Base","Spells\HarmUndeadAura_Base.mdx",0,1.000000,
290,"Maul Cast Base","Spells\MaulCasterBase.mdx",0,1.000000,
291,"Nature Precast Chest","Spells\Nature_Precast_Chest.mdx",0,0.000000,
292,"Flamestrike Area","Spells\Flamestrike_Area.mdx",0,1.000000,
293,"Lightning Cast Hand","Spells\Lightning_Cast_Hand.mdx",0,0.000000,
294,"HolySmite Low Chest","Spells\HolySmite_Low_Chest.mdx",0,1.000000,
296,"LightningShield State Base","Spells\LightningShield_State_Base.mdx",0,0.000000,
297,"Immolate State Base","Spells\Immolate_State_Base.mdx",0,1.000000,
298,"Life Tap State Chest","Spells\Lifetap_State_Chest.mdx",0,1.000000,
299,"Smash Impact Chest","Spells\Smash_Impact_Chest.mdx",0,0.000000,
300,"ShadowWordDominate Chest","Spells\ShadowWordDominate_Chest.mdx",0,1.000000,
301,"ShadowWordSilence Breath","Spells\ShadowWordSilence_Breath.mdx",0,1.000000,
303,"Anti-Magic PreCast Hand","Spells\AntiMagic_PreCast_Hand.mdx",0,1.000000,
304,"Anti-Magic State Base","Spells\AntiMagic_State_Base.mdx",0,1.000000,
305,"ShadowWordPain Chest","Spells\ShadowWordPain_Chest.mdx",0,1.000000,
306,"Magic Unlock","Spells\MagicUnlock.mdx",4,1.000000,
307,"Dark Ritual PreCast Base","Spells\DarkRitual_PreCast_Base.mdx",0,1.000000,
308,"ShadowWordFumble Head","Spells\ShadowWordFumble_Head.mdx",0,1.000000,
309,"Detect Invisibility Impact Base","Spells\DetectInvis_Impact_Base.mdx",0,1.000000,
310,"Detect Invisibility Impact Head","Spells\DetectInvis_Impact_Head.mdx",0,1.000000,
311,"CurseofWeakness Head","Spells\CurseofWeakness_Head.mdx",0,1.000000,
312,"CurseofFrailty Head","Spells\CurseofFrailty_Head.mdx",0,1.000000,
313,"RemoveCurse Base","Spells\RemoveCurse_Base.mdx",0,1.000000,
314,"NullifyDisease Base","Spells\NullifyDisease_Base.mdx",0,1.000000,
315,"NullifyPoison Base","Spells\NullifyPoison_Base.mdx",0,1.000000,
320,"RighteousFury Chest","Spells\RighteousFury_Chest.mdx",0,1.000000,
321,"MoltenBlast Impact Chest","Spells\MoltenBlast_Impact_Chest.mdx",0,0.000000,
322,"zzOLD_Slice and Dice","Particles\SliceDice_Impact_Chest.mdx",10,1.000000,
323,"Swipe Impact","Spells\SwipeImpact.mdx",0,1.000000,
325,"Faerie Fire Head State","Spells\FaerieFire.mdx",0,1.000000,
326,"HolyProtection Chest","Spells\HolyProtection_Chest.mdx",0,1.000000,
328,"LightningStorm Cloud State","Spells\LightningStorm_Cloud_State.mdx",0,1.000000,
330,"Shock Missile","Spells\Shock_Missile.mdx",10,1.000000,
331,"Shock Impact Chest","Spells\Shock_Impact_Chest.mdx",0,0.000000,
332,"Chainlightning Impact Chest","Spells\ChainLightning_Impact_Chest.mdx",0,0.000000,
333,"PrayerofHealing Chest","Spells\PrayerofHealing_Chest.mdx",0,1.000000,
334,"Spirit Armor Impact Head","Spells\SpiritArmor_Impact_Head.mdx",0,0.000000,
335,"Anti-Holy Impact Base","Spells\AntiHoly_Impact_Base.mdx",0,1.000000,
336,"RighteousnessAura Base","Spells\RighteousnessAura_Base.mdx",0,1.000000,
337,"BeastRageCaster","Spells\BeastRageCaster.mdx",0,1.000000,
339,"BeastRage State Head","Spells\BeastRageState.mdx",0,1.000000,
340,"Basic Strike","Spells\BasicStrike.mdx",0,1.000000,
341,"Thorns Base","Spells\Thorns_Base.mdx",0,1.000000,
342,"Thorns Low Chest","Spells\Thorns_Low_Chest.mdx",0,1.000000,
343,"Taunt Cast Base","Spells\Taunt_Cast.mdx",0,1.000000,
345,"ChallengingShout Cast Base","Spells\ChallengingShout_Cast_Base.mdx",0,1.000000,
346,"InnerFire Base","Spells\InnerFire_Base.mdx",0,1.000000,
347,"Learn Impact Base","Spells\Learn_Impact_Base.mdx",0,1.000000,
348,"Mark of the Beast Impact Head","Spells\MarkofBeast_Impact_Head.mdx",0,1.000000,
349,"ThunderClap Cast Base","Spells\ThunderClap_Cast_Base.mdx",4,0.000000,
350,"Purge Impact Chest","Spells\Purge_Impact_Chest.mdx",0,0.000000,
351,"Unyielding Will Impact Chest","Spells\Unyielding_Will_Impact_Chest.mdx",0,1.000000,
354,"Undying Strength Impact Chest","Spells\Undying_Strength_Impact_Chest.mdx",0,1.000000,
355,"Cyclone State","Spells\Cyclone_State.mdx",0,1.000000,
356,"Slowing Strike Cast Hand","Spells\SlowingStrike_Cast_Hand.mdx",0,0.000000,
357,"Slowing Strike Impact Chest","Spells\SlowingStrike_Impact_Chest.mdx",0,0.000000,
358,"Slowing Strike Impact Base","Spells\SlowingStrike_Impact_Base.mdx",0,0.000000,
360,"Astral Recall Impact Base","Spells\Astral_Recall_Impact_Base.mdx",0,0.000000,
361,"Whirlwind Base","Spells\Whirlwind_State_Base.mdx",0,0.000000,
362,"Arrow Fire","Item\ObjectComponents\Ammo\ArrowFireFlight_01.mdx",0,0.000000,
363,"Arrow Ice","Item\ObjectComponents\Ammo\ArrowIceFlight_01.mdx",0,0.000000,
365,"Fireball Missile Low","Spells\Fireball_Missile_Low.mdx",0,1.000000,
367,"Invisibility Impact Chest","Spells\Invisibility_Impact_Chest.mdx",0,1.000000,
368,"Recklessness Impact Chest","Spells\Recklessness_Impact_Chest.mdx",0,0.000000,
370,"CounterSpell Impact Chest","Spells\CounterSpell_Impact_Chest.mdx",0,1.000000,
371,"ShadowProtection Chest","Spells\ShadowProtection_Chest.mdx",0,0.000000,
372,"ProtectionFromNature Chest","Spells\ProtectionFromNature_Chest.mdx",0,0.000000,
373,"ProtectionFromFire Chest","Spells\ProtectionFromFire_Chest.mdx",0,0.000000,
374,"ResistFrost Chest","Spells\ResistFrost_Chest.mdx",0,0.000000,
375,"BattleShout Cast Base","Spells\BattleShout_Cast_Base.mdx",0,0.000000,
376,"IntimidatingShout Cast Base","Spells\IntimidatingShout_Cast_Base.mdx",0,0.000000,
377,"DemoralizingShout Cast Base","Spells\DemoralizingShout_Cast_Base.mdx",0,0.000000,
378,"Strike Cast Base","Spells\Strike_Cast_Chest.mdx",0,0.000000,
379,"FinishingBlow Impact Chest","Spells\Feint_Impact_Chest.mdx",0,0.000000,
380,"SinisterStrike Base Cast","Spells\SinisterStrike_Base_Cast.mdx",0,0.000000,
381,"Kick Impact Chest","Spells\Kick_Chest_Impact.mdx",0,1.000000,
389,"Vanish Cast Base","Spells\Vanish_Cast_Base.mdx",0,0.000000,
392,"Magic Cast Hand","Spells\Magic_Cast_Hand.mdx",0,1.000000,
393,"Item - Bread","Spells\Item_Bread.mdx",0,0.000000,
394,"BackStab Impact Chest","Spells\BackStab_Impact_Chest.mdx",0,1.000000,
396,"BackStab Cast Base","Spells\BackStab_Cast_Base.mdx",0,1.000000,
397,"Gouge Precast State Hand","Spells\Gouge_Precast_State_Hand.mdx",0,0.000000,
398,"Blizzard Impact Base","Spells\Blizzard_Impact_Base.mdx",0,0.000000,
399,"Arcane Missile","Spells\Arcane_Missile.mdx",0,0.000000,
401,"Arcane Impact Chest","Spells\Magic_Impact_Chest.mdx",0,0.000000,
402,"Sap Impact Head","Spells\Sap_Impact_Chest.mdx",0,1.000000,
403,"Sap Cast Base","Spells\Sap_Cast_Base.mdx",0,1.000000,
404,"Cheap Shot Impact","Spells\CheapShot_Impact_Chest.mdx",0,0.000000,
405,"Arcane Missile Lvl 1","Spells\Arcane_Missile_Lvl1.mdx",0,0.000000,
406,"Arcane Missile Lvl 2","Spells\Arcane_Missile_Lvl2.mdx",0,0.000000,
407,"Arcane Missile Lvl 3","Spells\Arcane_Missile_Lvl3.mdx",0,0.000000,
408,"Arcane Missile Lvl 4","Spells\Arcane_Missile_Lvl4.mdx",0,0.000000,
409,"Polymorph Impact Base","Spells\Polymorph_Impact_Base.mdx",0,0.000000,
410,"HolyLight Impact Head","Spells\HolyLight_Impact_Head.mdx",0,0.000000,
411,"Totem Cleansing SpellObject","Spells\TotemB_SpellObject.mdx",0,0.000000,
412,"HolyWord Fortitude Impact Base","Spells\HolyWord_Fortitude_Impact_Base.mdx",0,0.000000,
413,"ShadowWordBefuddle Head","Spells\ShadowWordBefuddle_Head.mdx",0,0.000000,
414,"Renew Base","Spells\Renew_Base.mdx",0,0.000000,
415,"Renew Chest","Spells\Renew_Chest.mdx",0,0.000000,
416,"Strike Impact Chest","Spells\Strike_Impact_Chest.mdx",0,1.000000,
417,"Item - Tankard","Spells\TankardA_SpellObject.mdx",0,0.000000,
420,"Flamestrike Impact Base","Spells\Flamestrike_Impact_Base.mdx",4,1.000000,
421,"Ice Cast Low Hand","Spells\Ice_Precast_Low_Hand.mdx",0,1.000000,
422,"MageArmor Impact Head","Spells\MageArmor_Impact_Head.mdx",0,0.000000,
423,"Lesser Heal Impact Base","Spells\LesserHeal_Base.mdx",0,0.000000,
424,"FireShieldFinal Impact Head","Spells\FireShieldFinal_Impact_Head.mdx",0,0.000000,
425,"FireWard Impact Chest","Spells\FireWard_Impact_Chest.mdx",0,0.000000,
426,"FrostWard Impact Chest","Spells\FrostWard_Impact_Chest.mdx",0,0.000000,
427,"Seal Of Might Impact Base","Spells\SealOfMight_Impact_Base.mdx",0,0.000000,
428,"Seal Of Wrath Impact Base","Spells\SealOfWrath_Impact_Base.mdx",0,0.000000,
429,"Seal Of Fury Impact Base","Spells\SealOfFury_Impact_Base.mdx",0,1.000000,
430,"Seal Of Salvation Impact Base","Spells\SealOfSalvation_Impact_Base.mdx",0,0.000000,
431,"Seal Of Wisdom Impact Base","Spells\SealOfWisdom_Impact_Base.mdx",0,0.000000,
432,"Seal Of Protection Impact Base","Spells\SealOfProtection_Impact_Base.mdx",0,0.000000,
433,"MoltenBlast Missile Lvl2","Spells\MoltenBlast_Missile_Lvl2.mdx",0,0.000000,
434,"MoltenBlast Missile lvl3","Spells\MoltenBlast_Missile_Lvl3.mdx",0,0.000000,
435,"Healing Aura Base","Spells\HealingAura_Base.mdx",0,1.000000,
436,"Mind Rot Head Impact","Spells\MindRot_Head.mdx",0,0.000000,
437,"FarSight Impact Base","Spells\FarSight_Impact_Base.mdx",0,0.000000,
438,"Purify Base","Spells\Purify_Base.mdx",0,0.000000,
439,"Turn Undead Cast","Spells\TurnUndead_Impact.mdx",0,0.000000,
440,"Flare Cast Base","Spells\Flare_Cast_Base.mdx",0,0.000000,
441,"Resistance Aura Base","Spells\ResistanceAura_Base.mdx",0,1.000000,
442,"Fist Of Justice Cast","Spells\FistOfJustice_Cast_Base.mdx",0,0.000000,
444,"Fist of justice Impact chest","Spells\FistOfJustice_Impact_Chest.mdx",0,1.000000,
445,"Exorcism Impact Chest","Spells\Exorcism_Impact_Chest.mdx",0,0.000000,
446,"Purge New Impact Chest","Spells\Purge_New_Impact_Chest.mdx",0,0.000000,
447,"Holy Ward Impact","Spells\HolyWard_Impact_Chest.mdx",0,0.000000,
448,"Rain Of Fire Impact Base","Spells\RainOfFire_Impact_Base.mdx",0,0.000000,
449,"Fire Resistance Impact Base","Spells\FireResistance_Impact_Base.mdx",0,0.000000,
450,"Nature Resistance Impact Base","Spells\NatureResistance_Impact_Base.mdx",0,1.000000,
451,"ArcaneSpirit Impact Base","Spells\ArcaneSpirit_Impact_Base.mdx",0,0.000000,
452,"Fear Impact Head","Spells\Fear_Impact_Chest.mdx",0,0.000000,
453,"Fear State","Spells\Fear_State_Head.mdx",0,0.000000,
454,"Cleanse Base","Spells\Clense_Base.mdx",0,0.000000,
455,"BloodBoil_Impact_Chest.mdx","Spells\BloodBoil_Impact_Chest.mdx",0,0.000000,
456,"Curse Of Tongues Impact Chest","Spells\CurseOfTongues_Impact.mdx",0,0.000000,
457,"Curse Of Tongues State Chest","Spells\CurseOfTongues_State_Chest.mdx",0,0.000000,
458,"Cleave Impact Chest","Spells\Cleave_Impact_Chest.mdx",0,1.000000,
459,"Shadow Ward Impact Chest","Spells\ShadowWard_Impact_Chest.mdx",0,1.000000,
460,"Shield Wall Impact Base","Spells\ShieldWall_Impact_Base.mdx",0,0.000000,
461,"SpellBreak Cast Base","Spells\SpellBreak_Cast_Base.mdx",0,0.000000,
462,"Cripple State Base","Spells\Cripple_State_Base.mdx",0,1.000000,
463,"Balance Of Nature Impact Base","Spells\BalanceOfNature_Impact_Base.mdx",0,1.000000,
464,"Demon Breath Impact Head","Spells\DemonBreath_Impact_Head.mdx",0,0.000000,
465,"Fireworks Red Dots","Spells\Fireworks_Red_01.mdx",4,0.000000,
466,"Pathfind Cast Head","Spells\Pathfind_Cast_Head.mdx",0,1.000000,
467,"ManaInfuse Base","Spells\ManaInfuse_Base.mdx",0,0.000000,
468,"Waterbreathing Impact Base","Spells\Waterbreathing_Impact_Base.mdx",0,0.000000,
469,"BeastSoothe State Head","Spells\BeastSoothe_State_Head.mdx",0,0.000000,
470,"Pestilence Impact Chest","Spells\Pestilence_Impact_Chest.mdx",0,0.000000,
474,"Cripple Impact Base","Spells\Cripple_Impact_Base.mdx",0,1.000000,
475,"MarkofWild Impact Head","Spells\MarkofWild_Impact_Head.mdx",0,1.000000,
476,"BurningSpirit Impact Head","Spells\BurningSpirit_Impact_Head.mdx",0,0.000000,
477,"Spell Object : Smithing Hammer","Spells\SpellObject_SmithingHammer.mdx",0,0.000000,
478,"Disarm Impact Chest","Spells\Disarm_Impact_Chest.mdx",0,0.000000,
479,"Sunder Impact Chest","Spells\Sunder_Impact_Chest.mdx",0,0.000000,
480,"SavageBlow Impact Chest","Spells\SavageBlow_Impact_Chest.mdx",0,0.000000,
481,"DecisiveStrike Impact Chest","Spells\DecisiveStrike_Impact_Chest.mdx",0,0.000000,
482,"Beast Call Impact Head","Spells\BeastCall_Impact_Head.mdx",0,0.000000,
502,"FireBlast Impact Chest","Spells\FireBlast_Impact_Chest.mdx",0,0.000000,
503,"Fireball Missile High","Spells\Fireball_Missile_High.mdx",0,0.000000,
522,"Maim Impact Chest","Spells\Maim_Impact_Chest.mdx",0,0.000000,
523,"Shot: Fire Missile","Spells\FireShot_Missile.mdx",0,0.000000,
524,"Shot: Frost Missile","Spells\FrostShot_Missile.mdx",0,0.000000,
525,"Shot: Blinding Missile","Spells\BlindingShot_Missile.mdx",0,0.000000,
526,"Blinding Shot Impact Chest","Spells\BlindingShot_Impact.mdx",0,0.000000,
527,"Multi Shot Impact Chest","Spells\MultiShot_Impact.mdx",0,0.000000,
528,"Shot: Multi Missile","Spells\MultiShot_Missile.mdx",0,0.000000,
529,"Maul Cast Bears","Spells\Maul.mdx",11,1.000000,
532,"Combat Blood Spurt Front Small Black","Particles\BloodSpurts\BloodSpurtBlack.mdx",11,1.000000,
533,"Combat Blood Spurt Front Large Black","Particles\BloodSpurts\BloodSpurtBlackLarge.mdx",11,1.000000,
534,"Combat Blood Spurt Back Small Red","Particles\BloodSpurts\BloodSpurt.mdx",10,1.000000,
535,"Combat Blood Spurt Back Small Green","Particles\BloodSpurts\BloodSpurtGreen.mdx",10,1.000000,
536,"Combat Blood Spurt Back Small Black","Particles\BloodSpurts\BloodSpurtBlack.mdx",10,1.000000,
537,"Combat Blood Spurt Back Large Green","Particles\BloodSpurts\BloodSpurtGreenLarge.mdx",10,1.000000,
538,"Combat Blood Spurt Back Large Black","Particles\BloodSpurts\BloodSpurtBlackLarge.mdx",10,1.000000,
539,"Curse of Mannoroth Impact Head","Spells\CurseofMannoroth_Head.mdx",0,1.000000,
540,"ShadowStrike Impact Chest","Spells\ShadowStrike_Impact_Chest.mdx",0,1.000000,
542,"Sap State Head","Spells\Sap_State_Head.mdx",0,1.000000,
543,"Demoralizing Shout Impact Head","Spells\DemoralizingShout_Impact_Head.mdx",0,0.000000,
544,"Intimidating Shout Impact Head","Spells\IntimidatingShout_Impact_Head.mdx",0,0.000000,
545,"Ribbon Trail","Spells\RibbonTrail.mdx",0,0.000000,
546,"Sprint Cast Base","Spells\Sprint_Cast_Base.mdx",0,0.000000,
547,"Inner Rage Impact Chest","Spells\InnerRage_Impact_Chest.mdx",0,0.000000,
548,"Shadow ImpactDD Med Chest","Spells\Shadow_ImpactDD_Med_Chest.mdx",0,1.000000,
565,"Druid Morph Impact","Spells\DruidMorph_Impact_Base.mdx",0,0.000000,
585,"Nightmare Impact Base","Spells\Nightmare_Impact_Base.mdx",4,1.000000,
586,"Summon Water Elemental Impact","Spells\WaterElemental_Impact_Base.mdx",0,0.000000,
587,"MoltenBlast Missile lvl1","Spells\MoltenBlast_Missile.mdx",0,1.000000,
588,"Fire Blast Impact Chest","Spells\Fire_ImpactDD_Chest.mdx",0,0.000000,
589,"Eviscerate Impact Chest","Spells\Eviscerate_Impact_Chest.mdx",0,1.000000,
590,"Eviscerate Cast Hands","Spells\Eviscerate_Cast_Hands.mdx",0,1.000000,
591,"Distract Impact Chest","Spells\Distract_Impact_Chest.mdx",0,0.000000,
592,"Kidney Shot Cast Base","Spells\KidneyShot_Base_Cast.mdx",0,0.000000,
593,"Retribution Aura Red Base","Spells\RetributionAuraRed_Base.mdx",0,0.000000,
594,"Net State","Spells\Net_State.mdx",0,0.000000,
595,"Web State","Spells\Web_State.mdx",0,0.000000,
596,"Seal of Sacrifice Impact Base","Spells\SealOfSacrifice_Impact_Base.mdx",0,0.000000,
614,"Flamestrikesmall Impact Base","Spells\FlamestrikeSmall_Impact_Base.mdx",0,0.000000,
615,"Ice Armor Low Head","Spells\IceArmor_Low_Head.mdx",0,0.000000,
616,"FrostArmorEffect Impact Chest","Spells\FrostArmorEffect_Impact_Chest.mdx",0,0.000000,
617,"Divine Bubble Impact Base","Spells\DivineBubble_Low_Base.mdx",0,0.000000,
618,"Missile: Web","Spells\Web_Missile.mdx",0,0.000000,
619,"Bind Impact Base","Spells\Bind_Impact_Base.mdx",0,0.000000,
620,"Poison ImpactDot Med Base","Spells\Poison_ImpactDot_Med_Base.mdx",10,1.000000,
621,"Bloody Explosion Green Impact","Spells\BloodyExplosionGreen.mdx",0,0.000000,
622,"Spell Object: Wrench","Spells\SpellObject_Wrench.mdx",0,0.000000,
623,"Shadow Precast Uber Hand","Spells\Shadow_Precast_Uber_Hand.mdx",4,1.000000,
624,"Shadow ImpactDD High Chest","Spells\Shadow_ImpactDD_High_Chest.mdx",0,1.000000,
625,"Cone of Cold Hand","Spells\ConeofCold_Hand.mdx",0,1.000000,
626,"DruidMorph Aqua Impact Base","Spells\DruidMorph_Aqua_Impact_Base.mdx",0,0.000000,
627,"HellFire Impact Caster Base","Spells\HellFire_Impact_Caster_Base.mdx",0,0.000000,
628,"HellFire Impact Base","Spells\HellFire_Impact_Base.mdx",0,1.000000,
629,"HolyWord Shield Impact Base","Spells\HolyWordShield_Base.mdx",0,0.000000,
630,"HolyWord Shield State Base","Spells\HolyWordShield_State_Base.mdx",0,0.000000,
631,"Curse of Elements Impact Head","Spells\CurseElements_Impact_Head.mdx",0,0.000000,
632,"Fire ImpactDD Chest","Spells\Fire_ImpactDD_Chest.mdx",0,0.000000,
634,"Charge Trail Cast","Spells\ChargeTrail.mdx",0,0.000000,
654,"Curse Of Agony Head Impact","Spells\CurseofAgony_Head.mdx",0,1.000000,
655,"HolyWordShield State Chest","Spells\HolyWordShield_State_Chest.mdx",0,0.000000,
674,"HolyDivineShield State Base","Spells\HolyDivineShield_State_Base.mdx",0,0.000000,
675,"Missile: GooBolt","Spells\GooBolt_Missile_Low.mdx",0,0.000000,
694,"LightningStreak Missile","Spells\LightningStreak_Missile.mdx",0,0.000000,
714,"Fire Nova Area","Spells\FireNova_Area.mdx",0,0.000000,
715,"Fire Nova State","Spells\FireNova_State.mdx",0,1.000000,
716,"Grounding Totem Impact","Spells\GroundingTotem_Impact.mdx",0,0.000000,
717,"Ghost_state","Spells\Ghost_state.mdx",0,0.000000,
718,"Mana Shield State Base","Spells\ManaShield_State_Base.mdx",0,0.000000,
719,"Dampen Magic Impact Base","Spells\DampenMagic_Impact_Base.mdx",0,0.000000,
720,"Amplify Magic Impact Base","Spells\AmplifyMagic_Impact_Base.mdx",0,0.000000,
734,"ArcaneExplosion Base","Spells\ArcaneExplosion_Base.mdx",0,1.000000,
735,"ArcaneExplosion Impact Chest","Spells\ArcaneExplosion_Impact_Chest.mdx",0,0.000000,
754,"Environment Damage Drowing Bubbles","Particles\Bubbles.mdx",0,0.000000,
794,"Life Tap Impact","Spells\LifeTap.mdx",0,0.000000,
814,"Shadow Precast Uber Base","Spells\Shadow_Precast_Uber_Base.mdx",4,1.000000,
834,"Unholy Shield State Base","Spells\ShadowShield_State_Base.mdx",0,0.000000,
835,"Curse of Recklessness Impact Chest","Spells\CurseofRecklessness_Impact_Chest.mdx",0,0.000000,
836,"Enslave Demon Impact Chest","Spells\EnslaveDemon_Impact_Chest.mdx",0,0.000000,
837,"Enslave Demon Impact Head","Spells\EnslaveDemon_Impact_Head.mdx",0,0.000000,
854,"Missile: Water Bolt","Spells\WaterBolt_Missile_Low.mdx",0,0.000000,
855,"Banish Chest","Spells\Banish_Chest.mdx",0,0.000000,
856,"Magic Stone Helmet Green","Spells\MagicStoneHelmet_Green.mdx",1,0.000000,
874,"Magic Net State","Spells\MagicNet_State.mdx",0,0.000000,
894,"Cone of Fire Hand","Spells\ConeofFire_Hand.mdx",0,1.000000,
914,"Boulder Missile","Spells\Boulder_Missile.mdx",0,0.000000,
915,"Seaforium Impact Base","Spells\Distract_Impact_Base.mdx",0,0.000000,
934,"Spawn Impact Base","Spells\Spawn_Impact_Base.mdx",0,1.000000,
954,"Summon Ritual Portal","Spells\Summon_Ritual.mdx",0,1.000000,
955,"RitualSummoning PreCast Base","Spells\RitualSummoning_PreCast_Base.mdx",0,0.000000,
974,"Bind2 Impact Base","Spells\Bind2_Impact_Base.mdx",0,0.000000,
994,"Shackle Undead State Base","Spells\UnholyShackles_State_Base.mdx",0,1.000000,
1014,"CycloneEarth State","Spells\CycloneEarth_State.mdx",0,1.000000,
1015,"CycloneFire State","Spells\CycloneFire_State.mdx",0,0.000000,
1016,"CycloneWater State","Spells\CycloneWater_State.mdx",0,0.000000,
1034,"Slam Impact Chest","Spells\Slam_Impact_Chest.mdx",0,0.000000,
1054,"Shadow ImpactDD Uber Chest","Spells\Shadow_ImpactDD_Uber_Chest.mdx",0,1.000000,
1074,"Whirlwind Base (Non-World Space)","Spells\Whirlwind_State_Base.mdx",0,0.000000,
1094,"Might Aura State Base","Spells\MightAura_Impact_Base.mdx",0,0.000000,
1095,"Wisdom Aura State","Spells\WisdomAura_Impact_Base.mdx",0,0.000000,
1114,"Faerie Fire Impact","Spells\FaerieFire_Impact.mdx",0,0.000000,
1115,"RadiationGreen State","Spells\GreenGhost_state.mdx",0,0.000000,
1134,"MagePortal: Stormwind","Spells\MagePortal_Stormwind.mdx",0,0.000000,
1154,"Gouge Precast State Hand (Non World Space)","Spells\Gouge_Precast_State_Hand.mdx",0,0.000000,
1174,"Fireworks Blue Dots","Spells\Fireworks_Blue_01.mdx",4,0.000000,
1175,"Fireworks Green Dots","Spells\Fireworks_Green_01.mdx",4,0.000000,
1176,"Fireworks Red White Blue Dots","Spells\Fireworks_RWB_01.mdx",4,0.000000,
1177,"Fireworks Red Streaks","Spells\Fireworks_RedStreaks_01.mdx",4,1.000000,
1178,"Fireworks Yellow Rose","Spells\Fireworks_YellowRose.mdx",4,0.000000,
1179,"PyroBlast Missile","Spells\PyroBlast_Missile.mdx",0,1.000000,
1180,"Missile: Wrench","Spells\Missile_Wrench.mdx",0,0.000000,
1181,"MagePortal: Darnassus","Spells\MagePortal_Darnassus.mdx",0,0.000000,
1182,"Water Bubble Chest State","Spells\WaterBubble.mdx",0,0.000000,
1183,"Mount Impact","Spells\DruidMorph_Impact_Base.mdx",0,0.000000,
1184,"Dash Impact Chest","Spells\Sprint_Impact_Chest.mdx",0,0.000000,
1185,"HARDCODED Mount Poof","Spells\DruidMorph_Impact_Base.mdx",4,2.000000,
1202,"Bubble Drunk","Spells\Bubble_Drunk.mdx",0,0.000000,
1223,"HARDCODED Inebriated Bubbles","Spells\Bubble_Drunk.mdx",5,0.000000,
1242,"Seduction State","Spells\Seduction_State_Head.mdx",0,1.000000,
1262,"Shadow ImpactDoT Med Head","Spells\Shadow_ImpactDot_Med_Head.mdx",0,1.000000,
1282,"DeathAndDecay Area Base","Spells\DeathAndDecay_Area_Base.mdx",0,1.000000,
1302,"Clearcasting Impact Chest","Spells\Clearcasting_Impact_Chest.mdx",0,1.000000,
1303,"DustCloud Land","Spells\DustCloud_Land.mdx",0,1.000000,
1304,"BoneArmor Head","Spells\BoneArmor_Head.mdx",0,1.000000,
1305,"MagePortal: Ironforge","Spells\MagePortal_Ironforge.mdx",0,0.000000,
1306,"MagePortal: Orgrimmar","Spells\MagePortal_Ogrimmar.mdx",0,0.000000,
1307,"MagePortal: Thunder Bluff","Spells\MagePortal_ThunderBluff.mdx",0,0.000000,
1308,"MagePortal: Undercity","Spells\MagePortal_UnderCity.mdx",0,0.000000,
1309,"Green Radiation Fog","Spells\GreenRadiationFog.mdx",0,1.000000,
1322,"BoneArmor State Chest","Spells\BoneArmor_State_Chest.mdx",0,1.000000,
1342,"Acid Breath","Spells\AcidBreath.mdx",0,1.000000,
1343,"Scorch Low Chest","Spells\Scorch_Low_Chest.mdx",0,1.000000,
1344,"Frost Breath","Spells\FrostBreath.mdx",0,1.000000,
1345,"Flame Breath","Spells\FlameBreath.mdx",0,1.000000,
1362,"DetectMagic Base","Spells\DetectMagic_Base.mdx",0,1.000000,
1382,"Sense Demons Impact Head","Spells\SenseDemons_Impact_Head.mdx",0,1.000000,
1402,"SoothingKiss Impact Head","Spells\SoothingKiss_Impact_Head.mdx",0,1.000000,
1403,"Redemption Base","Spells\Redemption_Base.mdx",0,1.000000,
1422,"HellFire Area Base","Spells\HellFire_Area_Base.mdx",0,1.000000,
1423,"HellFire Impact Head","Spells\HellFire_Impact_Head.mdx",0,1.000000,
1442,"MindBlast Head","Spells\MindBlast_Head.mdx",0,1.000000,
1462,"ManaBurn Chest","Spells\ManaBurn_Chest.mdx",0,1.000000,
1463,"FlashHeal Base","Spells\FlashHeal_Base.mdx",0,1.000000,
1482,"Aspect of the Beast Impact Head","Spells\AspectBeast_Impact_Head.mdx",0,1.000000,
1483,"Aspect Monkey Impact Head","Spells\AspectMonkey_Impact_Head.mdx",0,1.000000,
1502,"Aspect Wolf Impact Head","Spells\AspectWolf_Impact_Head.mdx",0,1.000000,
1503,"Aspect Snake Impact Head","Spells\AspectSnake_Impact_Head.mdx",0,1.000000,
1522,"Shot: Poison Missile","Spells\PoisonShot_Missile.mdx",0,1.000000,
1523,"Mana ImpactDot Chest","Spells\Mana_ImpactDot_Chest.mdx",0,1.000000,
1524,"Shot: Mana Missile","Spells\ManaShot_Missile.mdx",0,1.000000,
1542,"Enchant PreCast Hand","Spells\Enchant_PreCast_Hand.mdx",0,1.000000,
1543,"Enchant Cast Hand","Spells\Enchant_Cast_Hand.mdx",0,1.000000,
1544,"Disenchant PreCast Hands","Spells\DisEnchant_PreCast_Hand.mdx",0,1.000000,
1545,"DisEnchant Cast Hands","Spells\DisEnchant_Cast_Hand.mdx",0,1.000000,
1546,"Shot: Scorpid Sting","Spells\ScorpidShot_Missile.mdx",0,1.000000,
1547,"Shot: Black Arrow","Spells\BlackShot_Missile.mdx",0,1.000000,
1548,"Revive Pet Impact Base","Spells\RevivePet_Impact_Base.mdx",0,1.000000,
1562,"Hunter's Mark Impact Chest","Spells\HuntersMark_Impact_Chest.mdx",0,1.000000,
1563,"Hunter's Mark State Head","Spells\HuntersMark_Impact_Head.mdx",0,1.000000,
1582,"Beast Lore Impact Base","Spells\BeastLore_Impact_Base.mdx",0,1.000000,
1583,"Beast Lore Impact Head","Spells\BeastLore_Impact_Head.mdx",0,1.000000,
1602,"Shot: Arcane Missile","Spells\ArcaneShot_Missile.mdx",0,1.000000,
1603,"Shot: Arcane Volley","Spells\ArcaneVolley_Missile.mdx",0,1.000000,
1604,"FreezingTrap","World\Goober\G_FreezingTrap.mdx",0,1.000000,
1605,"FrostTrap","World\Goober\G_FrostTrap.mdx",0,1.000000,
1606,"ExplosiveTrap","World\Goober\G_ExplosiveTrap.mdx",0,1.000000,
1607,"ImmolationTrap","World\Goober\G_ImmolationTrap.mdx",0,1.000000,
1608,"Rapid Fire Impact Base","Spells\RapidFire_Base.mdx",0,1.000000,
1622,"Warhorse Impact Base","Spells\SummonWarHorse_Impact_Base.mdx",0,1.000000,
1623,"Aspect Hawk Impact Head","Spells\AspectHawk_Impact_Head.mdx",0,1.000000,
1624,"Flamestrike Impact","Spells\Flamestrike_Impact.mdx",0,1.000000,
1625,"Poison Impact Chest","Spells\Poison_Impact_Chest.mdx",0,1.000000,
1626,"Eagle Eye Impact Head","Spells\EagleEye_Impact_Head.mdx",0,1.000000,
1642,"Sinister Strike Impact Chest","Spells\SinisterStrike_Impact_Chest.mdx",0,1.000000,
1643,"Cleave Cast Base","Spells\Cleave_Cast_Base.mdx",0,1.000000,
1644,"Blue Glow High","Spells\Enchantments\BlueGlow_High.mdx",0,1.000000,
1645,"HARDCODED PetLoyalty Down Base","spells\loyaltydown_impact_base.mdx",0,1.000000,
1646,"HARDCODED PetLoyalty Down Head","spells\loyaltydown_impact_head.mdx",1,1.000000,
1647,"HARDCODED PetLoyalty Up Base","spells\loyaltyup_impact_base.mdx",0,1.000000,
1648,"HARDCODED PetLoyalty Up Head","spells\loyaltyup_impact_head.mdx",1,1.000000,
1649,"EarthShock Impact Chest","Spells\EarthShock_Impact_Chest.mdx",0,1.000000,
1650,"Flame Shock Impact Chest","Spells\FlameShock_Impact_Chest.mdx",0,1.000000,
1662,"ExposeArmor Head","Spells\ExposeArmor_Head.mdx",0,1.000000,
1682,"SliceDice Chest","spells\slicedice_chest.mdx",0,1.000000,
1702,"MagePortal: Blank","spells\mageportal_blank.mdx",0,1.000000,
1703,"Shadow Precast Med Base","Spells\Shadow_Precast_Med_Base.mdx",4,1.000000,
1722,"Holy Nova Impact Base","spells\holynova_impact_base.mdx",0,1.000000,
1742,"Flame Breath 180","spells\flamebreath180.mdx",0,1.000000,
1762,"Aspect Cheetah Impact Head","spells\aspectcheetah_impact_head.mdx",0,1.000000,
1782,"Missile: Torch","spells\torch_missile.mdx",0,1.000000,
1783,"Missile: Mug","spells\mug_missile.mdx",0,1.000000,
1784,"First Aid Impact Base","spells\firstaid__impact_base.mdx",0,1.000000,
1785,"First Aid Hand","spells\firstaid_hand.mdx",0,1.000000,
1802,"Frost Trap Aura","spells\frosttrap_aura.mdx",0,1.000000,
1822,"Arcane Shot Area","spells\arcaneshot_area.mdx",0,1.000000,
1842,"Spell Object: Boomerang","spells\spellobject_boomerang.mdx",0,1.000000,
1843,"Missile: Boomerang","spells\missile_boomerang.mdx",0,1.000000,
1862,"Spell Object: Bomb","spells\spellobject_bomb.mdx",0,1.000000,
1863,"Missile: Bomb","spells\missile_bomb.mdx",0,0.000000,
1882,"Wrath Precast Hand","spells\wrath_precast_hand.mdx",0,1.000000,
1883,"Wrath Impact Chest","spells\wrath_impact_chest.mdx",0,1.000000,
1884,"Missile: Wrath","spells\wrath_missile.mdx",0,1.000000,
1885,"Moonfire Impact Base","spells\moonfire_impact_base.mdx",0,1.000000,
1886,"Spell Portal: Creature","spells\creature_spellportal.mdx",0,1.000000,
1902,"Starfire Area","spells\starfire_area.mdx",0,1.000000,
1922,"Tranquility Impact","spells\tranquility_impact_base.mdx",0,1.000000,
1923,"Tranquility Area","spells\tranquility_area.mdx",0,1.000000,
1942,"Thorns State Base","spells\thorns_state_base.mdx",0,1.000000,
1943,"SpellPortal: Creature Blue","spells\creature_spellportal_blue.mdx",0,1.000000,
1962,"Missile: Axe Copper","spells\missile_axe_copper.mdx",0,1.000000,
1982,"Poison Shield Impact Chest","spells\poisonshield_state_base.mdx",0,1.000000,
1983,"Ground Dust State","spells\grounddust.mdx",0,1.000000,
1984,"Steam State","spells\steam.mdx",0,1.000000,
1985,"Blink Impact Chest","spells\blink_impact_chest.mdx",0,1.000000,
2002,"NoName Area","spells\noname_area.mdx",0,1.000000,
2022,"Defensive Stance Impact Head","spells\defensivestance_impact_head.mdx",0,1.000000,
2023,"Battle Stance Impact Head","spells\battlestance_impact_head.mdx",0,1.000000,
2024,"Berzerker Stance Impact Head","spells\berzerkerstance_impact_head.mdx",0,1.000000,
2042,"Missile: Ziggurat Spirit","spells\zig_missile.mdx",0,1.000000,
2062,"Ghostly Strike Impact Chest","spells\ghostlystrike_impact_chest.mdx",0,1.000000,
2082,"Mana Tide Infuse Base","spells\manatideinfuse_base.mdx",0,1.000000,
2102,"Ice Block State","spells\icebarrier_state.mdx",0,1.000000,
2103,"Ice Barrier State","spells\iceshield_state.mdx",0,1.000000,
2122,"Arcane Power State Chest","spells\arcanepower_state_chest.mdx",0,1.000000,
2123,"Inner Focus Impact Chest","spells\innerfocus_impact_chest.mdx",0,1.000000,
2142,"Focused Casting State Chest","spells\focusedcasting_state_chest.mdx",0,1.000000,
2162,"Piercing Howl Impact Head","spells\piercinghowl_impact_head.mdx",0,1.000000,
2163,"Water Walking Impact Head","spells\waterwalking_impact_head.mdx",0,1.000000,
2164,"Adrenaline Rush Cast Base","spells\adrenalinerush_cast_base.mdx",0,1.000000,
2182,"Sweeping Strike Impact Chest","spells\sweepingstrike_impact_chest.mdx",0,1.000000,
2202,"Death Wish State Hand","spells\deathwish_state_hand.mdx",0,1.000000,
2203,"Presence of Mind Cast Base","spells\presenceofmind_cast_base.mdx",0,1.000000,
2222,"ShadowSnare Base","Spells\Shadow_Snare_High_base.mdx",0,1.000000,
2223,"Fear State Base","spells\fear_state_base.mdx",0,1.000000,
2242,"Vampiric Embrace State Base","spells\vampiricembrace_state_base.mdx",0,1.000000,
2262,"Missile: Flare","spells\missile_flare.mdx",0,1.000000,
2282,"Lash Cast Base","spells\lash_cast_base.mdx",0,1.000000,
2302,"Eyes of the Beast Impact Head","spells\eyesofbeast_impact_head.mdx",0,1.000000,
2322,"Star Shards Impact Base","spells\starshards_impact_base.mdx",0,1.000000,
2342,"Onyxia Impact Base","spells\onyxia_impact_base.mdx",0,1.000000,
2362,"Infernal Impact Base","spells\infernal_impact_base.mdx",0,1.000000,
2382,"Dragon Flame Breath","spells\dragonflamebreath.mdx",0,1.000000,
2383,"Dragon Flame Breath 180","spells\dragonflamebreath180.mdx",0,1.000000,
2402,"Soulstone Resurrection Base","spells\soulstoneresurrection_base.mdx",0,1.000000,
2422,"Demonic Sacrifice Felhunter Chest","Spells\DemonicSacrifice_Felhunter_Chest.mdx",0,1.000000,
2423,"Light Test","spells\lighttest.mdx",0,1.000000,
2442,"Threat Reduce Impact Head","spells\threatreduce_impact_head.mdx",0,1.000000,
2462,"Conflagrate Impact Chest","spells\conflagrate_impact_chest.mdx",0,1.000000,
2482,"Skull Balls","Spells\Enchantments\SkullBalls.mdx",0,1.000000,
2483,"Shadow ImpactDoT Med Chest","Spells\Shadow_ImpactDot_Med_Chest.mdx",0,1.000000,
2502,"Heal Ragnaros State Chest","Spells\HealRag_State_Chest.mdx",0,1.000000,
2503,"Ragnaros Fire Nova Area","Spells\Rag_FireNova_Area.mdx",0,1.000000,
2522,"Shield Wall Warrior Impact Base","spells\shieldwallwar_impact_base.mdx",0,1.000000,
2542,"Consecration Impact Base","spells\consecration_impact_base.mdx",0,1.000000,
2562,"Deterrence State Base","Spells\Deterrence_State_Base.mdx",0,1.000000,
2582,"Demonic Sacrifice Imp Chest","Spells\DemonicSacrifice_Imp_Chest.mdx",0,1.000000,
2583,"Demonic Sacrifice Succubus Chest","Spells\DemonicSacrifice_Succubus_Chest.mdx",0,1.000000,
2584,"Demonic Sacrifice Voidwalker Chest","Spells\DemonicSacrifice_Voidwalker_Chest.mdx",0,1.000000,
2585,"Stoneform State Chest","Spells\Stoneform_State_Base.mdx",0,1.000000,
2602,"Mana Shield State Chest","spells\manashield_state_chest.mdx",0,1.000000,
2622,"Missile: Hammer","spells\missile_hammer.mdx",0,1.000000,
2642,"Dragon Sand Breath","spells\corrosivesandbreath.mdx",0,1.000000,
2662,"Missile: Snowball","spells\missile_snowball.mdx",0,1.000000,
2663,"Snowball Impact Chest","spells\snowball_impact_chest.mdx",0,1.000000,
2682,"Missile: Thorns","spells\missile_thorns.mdx",0,1.000000,
2683,"DustNova Cast Base","spells\dustnova_cast_base.mdx",0,1.000000,
2684,"RockyFrost Nova State","spells\rockyfrost_nova_state.mdx",0,1.000000,
2702,"HARDCODED Meeting Stone Join","Spells\Bind_Impact_Base.mdx",0,0.000000,
2722,"Confused State Head","spells\confused_state_head.mdx",0,1.000000,
2762,"Dragon Flame Breath Nefarian","spells\nefarianflamebreath.mdx",0,1.000000,
2763,"Nefarian Breath Impact","spells\nefarianflamebreath_impact.mdx",0,1.000000,
2782,"Vengeance State Hand","spells\vengeance_state_hand.mdx",0,1.000000,
2802,"Nefarian State Base","spells\nefarian_state_base.mdx",0,1.000000,
2803,"Nefarian Impact Base","spells\nefarian_impact_base.mdx",0,1.000000,
2822,"Barkskin State Base","spells\barkshield_state_base.mdx",0,1.000000,
2842,"Missile: Leather Ball","spells\missile_leatherball.mdx",0,1.000000,
2843,"Levitate Impact Base","spells\levitate_impact_base.mdx",0,1.000000,
2844,"LoyaltyDown Impact Base","spells\LoyaltyDown_Impact_Base.mdx",0,1.000000,
2862,"Fire Reflect State Chest","spells\firereflect_state_chest.mdx",0,1.000000,
2863,"Frost Reflect State Chest","spells\frostreflect_state_chest.mdx",0,1.000000,
2864,"Shadow Reflect State Chest","spells\shadowreflect_state_chest.mdx",0,1.000000,
2865,"Missile: Lightning Bolt (Ivus)","spells\lightningboltivus_missile.mdx",0,1.000000,
2882,"Horde CTF Flag Chest","spells\hordectfflag_spell.mdx",0,1.000000,
2883,"Alliance CTF Flag Chest","spells\alliancectfflag_spell.mdx",0,1.000000,
2902,"Barkskin State Base (New)","spells\barkskin_state_base.mdx",0,1.000000,
2922,"HARDCODED Reputation","Spells\ReputationLevelUp.mdx",0,1.000000,
2942,"MovementImmunity Base","spells\movementimmunity_base.mdx",0,1.000000,
2962,"Missile: Holy Hammer","spells\holy_hammer_missile.mdx",0,1.000000,
2963,"Cat Mark State Head","Spells\CatMark.mdx",0,1.000000,
2964,"Level Up","Spells\SpellLevelUp.mdx",0,1.000000,
2965,"AbolishMagic Base","spells\abolishmagic_base.mdx",0,1.000000,
2966,"HellFire FirePuff Caster Base","\spells\HellFire_FirePuff_Caster_Base.mdx",0,1.000000,
2968,"Green Radiation Fog (Large)","Spells\LargeGreenRadiationFog.mdx",0,1.000000,
2969,"Missle: Life Drain","\\guldan\drive2\projects\wow\finaldata\patch_1.7.0\data\spells\lifedrain_missile.mdx",0,1.000000,
2970,"Web Spin","spells\webspin.mdx",0,1.000000,
2971,"BaseFlagCapRed Impact Base","spells\baseflagcapred_impact_base.mdx",0,1.000000,
2972,"Missile: BloodBolt","spells\bloodbolt_missile_low.mdx",0,1.000000,
2973,"Banish Chest (Red)","spells\bloodbolt_chest.mdx",0,1.000000,
2975,"**TEST*","\\guldan\drive2\projects\WoW\Data\Spells\AcidBreath.mdx",0,1.000000,
2978,"Green Radiation Fog (Blue/Green - Magic)","SPELLS\LargeBlueGreenRadiationFog.mdx",0,1.000000,
2979,"Gas Breath","spells\acidcloudbreath.mdx",0,0.000000,
2980,"Acid Breath (Liquid)","spells\acidliquidbreath.mdx",0,1.000000,
2981,"Parachute Wings Head","spells\parachute_wings_head.mdx",0,0.000000,
2982,"Trick or Treat - Treat - Head","spells\trickortreat_treat_head.mdx",0,0.000000,
2983,"Trick or Treat - Trick - Head","spells\trickortreat_trick_head.mdx",0,0.000000,
2984,"Trick or Treat - Treat Head","spells\trickortreat_treat_head.mdx",0,0.000000,
2985,"Trick or Treat - Trick Head","spells\trickortreat_trick_head.mdx",0,0.000000,
2986,"Thunderclap Cast Base: 20 foot","spells\thunderclap_cast_base.mdx",0,20.000000,
2987,"Retaliation State Base (Warrior)","Spells\Retaliation_State_Chest.mdx",0,1.000000,
2988,"Firecrackers Thrown","Spells\Firecrackers_Thrown.mdx",0,1.000000,
2989,"MoonBeam State Base","Spells\MoonBeam_Impact_Base.mdx",0,1.000000,
2991,"Snowball Powder Impact","spells\SnowballPowdery_Impact_Base.mdx",0,1.000000,
2992,"Snowball Powdery State","spells\SnowballPowdery_Impact_Base.mdx",0,1.000000,
2993,"Sand Vortex Base","spells\SandVortex_State_Base.mdx",0,1.000000,
2994,"Earth Burrow Cast","Spells\BurrowEarth_Brown_Missile.mdx",0,1.000000,
2995,"Sandworm Attack Effect Ground Impact","spells\SandWorm_AttackEffects.mdx",0,1.000000,
2996,"Holiday - Lunar Festival - Chest Firework Impact","spells\firework_romancandle_impact_chest_01.mdx",0,1.000000,
2997,"Missile: Firework - Roman Candle","spells\firework_romancandle_missle_01.mdx",0,1.000000,
2998,"Missile: SlimeLesser","spells\SlimeLesser_Missile.mdx",0,1.000000,
2999,"Cthun Eye Beam","spells\CthuneEyeAttack.mdx",0,1.000000,
3000,"Holiday - Lunar Festival - Elune's Candle Cast Hand","spells\romancandle_a_01.mdx",0,1.000000,
3001,"Missile: SlimeLesserExplode","spells\SlimeLesserExplode_Missile.mdx",0,1.000000,
3002,"Acid Burn Base","spells\AcidBurn.mdx",0,1.000000,
3003,"Holiday - Lunar Festival - Right Hand Firework impact","spells\firework_romancandle_impact_chest_01.mdx",0,1.000000,
3004,"Holiday - Lunar Festival - Left Hand Firework impact","spells\firework_romancandle_impact_chest_01.mdx",0,1.000000,
3005,"Ice Prison State","spells\IcePrison_Base.mdx",0,1.000000,
3006,"Missile: Shadow Bolt - Epic","spells\DeathBolt_Missile_Low.mdx",0,1.000000,
3007,"Meteor Impact Base","spells\Meteor_Impact_Base.mdx",0,1.000000,
3008,"Missile: Giant Boulder","spells\BoulderGiant_Missile.mdx",0,1.000000,
3009,"Holiday - Valentine - Cupid's Bow","spells\holidays\valentines_spellobject_cupidsbow.mdx",0,1.000000,
3010,"Holiday - Valentine - Cupid's Arrow Impact Chest","spells\holidays\valentines_cupidsarrow_impact_chest.mdx",0,1.000000,
3011,"Holiday - Valentine - Missle, Cupid's Arrow","spells\holidays\valentines_cupidsarrow_missle.mdx",0,1.000000,
3012,"Holiday - Valentine - Picnic Blanket","spells\holidays\valentines_blanket.mdx",0,1.000000,
3013,"Holiday - Valentine - Flower Shower","spells\holidays\valentines_roseshower_impact_base.mdx",0,1.000000,
3014,"Holiday - Valentine - Broken Heart Impact","spells\holidays\valentines_brokenheart.mdx",0,1.000000,
3015,"Insect Swarm State Chest","Spells\InsectSwarm_State_Chest.mdx",0,1.000000,
3016,"Holiday - Valentine - Heart State/Impact","spells\holidays\valentines_lookingforloveheart.mdx",0,1.000000,
3021,"Flare Ground State","spells\flare_state_base.mdx",0,1.000000,
3023,"Tugofwar - OLD Missile, Red Spice","world\generic\passivedoodads\tugofwar\tugofwar_redspicemissile.mdx",0,1.000000,
3024,"Purple Ghost State","spells\purpleghost_state.mdx",0,1.000000,
3026,"LightningBoltIvus Missile","Spells\LightningBoltIvus_Missile.mdx",0,1.000000,
3027,"Acid Breath (45 yd)","spells\acidliquidbreath.mdx",0,45.000000,
3028,"Holiday - Scourge Invasion, Purple Lightning","spells\naxxramasstrike_impactdd_med_base.mdx",0,1.000000,
3029,"Naxxramas Strike","Spells\NaxxramasStrike_ImpactDD_Med_Base.mdx",0,1.000000,
3030,"Missile: Deathbolt Missile","spells\deathbolt_missile_low.mdx",0,1.000000,
3031,"Grobbulus Poison Cloud","Spells\Poison_Cloud_Grobbulus.mdx",0,1.000000,
3035,"Shadow Fissure Base","Spells\Shadow_Fissure_Base.mdx",0,1.000000,
3036,"Giant Insect Swarm Chest","Spells\GiantInsectSwarm_State_Chest.mdx",0,1.000000,
3037,"Giant Insect Swarm State","Spells\GiantInsectSwarm_State_Ground.mdx",0,1.000000,
3038,"Spike Low Base","Spells\Spike_Low_Base.mdx",0,1.000000,
3039,"Spike Impact Base","Spells\Spike_Impact_Base.mdx",0,1.000000,
3043,"Ice Nuke Missile","spells\IceNuke_Missile.mdx",0,1.000000,
3044,"Ice Nuke Base","spells\IceNuke_Base_Impact.mdx",0,1.000000,
3054,"Tugofwar - Red Spice Explosion","world\generic\passivedoodads\tugofwar\tugofwar_redspiceexplosion.mdx",0,1.000000,
3055,"Tugofwar: Missile, Red Spice","world\generic\passivedoodads\tugofwar\tugofwar_redspicemissile.mdx",0,1.000000,
3056,"New Effect","",0,1.000000,
3058,"Tugofwar - Red Dust Cloud aura","spells\reddustcloud.mdx",0,1.000000,
3060,"New Effect","",0,1.000000,
3061,"Missile: Net","Spells\Net_Missile.mdx",0,1.000000,
3062,"New Effect","",0,1.000000,
3063,"New Effect","",0,1.000000,
3067,"Red Ghost State","spells\redghost_state.mdx",0,1.000000,
